card_id,class,cycle,copy_limit,rank,white_universal,connection_signature,chirality,topology_memberships,status
FG-001,FIELD_GENERATOR,1,2,WHITE,True,,,,UNASSIGNED
FG-002,FIELD_GENERATOR,1,2,WHITE,True,,,,UNASSIGNED
FG-003,FIELD_GENERATOR,1,2,WHITE,True,,,,UNASSIGNED
FG-004,FIELD_GENERATOR,1,2,WHITE,True,,,,UNASSIGNED
FG-005,FIELD_GENERATOR,1,2,WHITE,True,,,,UNASSIGNED
FG-006,FIELD_GENERATOR,1,2,WHITE,True,,,,UNASSIGNED
FG-007,FIELD_GENERATOR,1,2,WHITE,True,,,,UNASSIGNED
FG-008,FIELD_GENERATOR,1,2,WHITE,True,,,,UNASSIGNED
FG-009,FIELD_GENERATOR,1,2,,False,,,,UNASSIGNED
FG-010,FIELD_GENERATOR,1,2,,False,,,,UNASSIGNED
FG-011,FIELD_GENERATOR,1,2,,False,,,,UNASSIGNED
FG-012,FIELD_GENERATOR,1,2,,False,,,,UNASSIGNED
FG-013,FIELD_GENERATOR,1,2,,False,,,,UNASSIGNED
FG-014,FIELD_GENERATOR,1,2,,False,,,,UNASSIGNED
FG-015,FIELD_GENERATOR,1,2,,False,,,,UNASSIGNED
FG-016,FIELD_GENERATOR,1,2,,False,,,,UNASSIGNED
FG-017,FIELD_GENERATOR,1,2,,False,,,,UNASSIGNED
FG-018,FIELD_GENERATOR,1,2,,False,,,,UNASSIGNED
FG-019,FIELD_GENERATOR,1,2,,False,,,,UNASSIGNED
FG-020,FIELD_GENERATOR,1,2,,False,,,,UNASSIGNED
FG-021,FIELD_GENERATOR,1,2,,False,,,,UNASSIGNED
FG-022,FIELD_GENERATOR,1,2,,False,,,,UNASSIGNED
FG-023,FIELD_GENERATOR,1,2,,False,,,,UNASSIGNED
FG-024,FIELD_GENERATOR,1,2,,False,,,,UNASSIGNED
FG-025,FIELD_GENERATOR,1,2,,False,,,,UNASSIGNED
FG-026,FIELD_GENERATOR,1,2,,False,,,,UNASSIGNED
FG-027,FIELD_GENERATOR,1,2,,False,,,,UNASSIGNED
FG-028,FIELD_GENERATOR,1,2,,False,,,,UNASSIGNED
FG-029,FIELD_GENERATOR,1,2,,False,,,,UNASSIGNED
FG-030,FIELD_GENERATOR,1,2,,False,,,,UNASSIGNED
FG-031,FIELD_GENERATOR,1,2,,False,,,,UNASSIGNED
FG-032,FIELD_GENERATOR,1,2,,False,,,,UNASSIGNED
FG-033,FIELD_GENERATOR,1,2,,False,,,,UNASSIGNED
FG-034,FIELD_GENERATOR,1,2,,False,,,,UNASSIGNED
FG-035,FIELD_GENERATOR,1,2,,False,,,,UNASSIGNED
FG-036,FIELD_GENERATOR,1,2,,False,,,,UNASSIGNED
FG-037,FIELD_GENERATOR,1,2,,False,,,,UNASSIGNED
FG-038,FIELD_GENERATOR,1,2,,False,,,,UNASSIGNED
FG-039,FIELD_GENERATOR,1,2,,False,,,,UNASSIGNED
FG-040,FIELD_GENERATOR,1,2,,False,,,,UNASSIGNED
FG-041,FIELD_GENERATOR,1,2,,False,,,,UNASSIGNED
FG-042,FIELD_GENERATOR,1,2,,False,,,,UNASSIGNED
FG-043,FIELD_GENERATOR,1,2,,False,,,,UNASSIGNED
FG-044,FIELD_GENERATOR,1,2,,False,,,,UNASSIGNED
FG-045,FIELD_GENERATOR,1,2,,False,,,,UNASSIGNED
FG-046,FIELD_GENERATOR,1,2,,False,,,,UNASSIGNED
FG-047,FIELD_GENERATOR,1,2,,False,,,,UNASSIGNED
FG-048,FIELD_GENERATOR,1,2,,False,,,,UNASSIGNED
FG-049,FIELD_GENERATOR,1,2,,False,,,,UNASSIGNED
FG-050,FIELD_GENERATOR,1,2,,False,,,,UNASSIGNED
FG-051,FIELD_GENERATOR,1,2,,False,,,,UNASSIGNED
FG-052,FIELD_GENERATOR,1,2,,False,,,,UNASSIGNED
FG-053,FIELD_GENERATOR,1,2,,False,,,,UNASSIGNED
FG-054,FIELD_GENERATOR,1,2,,False,,,,UNASSIGNED
FG-055,FIELD_GENERATOR,1,2,,False,,,,UNASSIGNED
FG-056,FIELD_GENERATOR,1,2,,False,,,,UNASSIGNED
FG-057,FIELD_GENERATOR,1,2,,False,,,,UNASSIGNED
FG-058,FIELD_GENERATOR,1,2,,False,,,,UNASSIGNED
FG-059,FIELD_GENERATOR,1,2,,False,,,,UNASSIGNED
FG-060,FIELD_GENERATOR,1,2,,False,,,,UNASSIGNED
FG-061,FIELD_GENERATOR,1,2,,False,,,,UNASSIGNED
FG-062,FIELD_GENERATOR,1,2,,False,,,,UNASSIGNED
FG-063,FIELD_GENERATOR,1,2,,False,,,,UNASSIGNED
FG-064,FIELD_GENERATOR,1,2,,False,,,,UNASSIGNED
FG-065,FIELD_GENERATOR,1,2,,False,,,,UNASSIGNED
FG-066,FIELD_GENERATOR,1,2,,False,,,,UNASSIGNED
FG-067,FIELD_GENERATOR,1,2,,False,,,,UNASSIGNED
FG-068,FIELD_GENERATOR,1,2,,False,,,,UNASSIGNED
FG-069,FIELD_GENERATOR,1,2,,False,,,,UNASSIGNED
FG-070,FIELD_GENERATOR,1,2,,False,,,,UNASSIGNED
FG-071,FIELD_GENERATOR,1,2,,False,,,,UNASSIGNED
FG-072,FIELD_GENERATOR,1,2,,False,,,,UNASSIGNED
FG-073,FIELD_GENERATOR,1,2,,False,,,,UNASSIGNED
FG-074,FIELD_GENERATOR,1,2,,False,,,,UNASSIGNED
FG-075,FIELD_GENERATOR,1,2,,False,,,,UNASSIGNED
FG-076,FIELD_GENERATOR,1,2,,False,,,,UNASSIGNED
FG-077,FIELD_GENERATOR,1,2,,False,,,,UNASSIGNED
FG-078,FIELD_GENERATOR,1,2,,False,,,,UNASSIGNED
FG-079,FIELD_GENERATOR,1,2,,False,,,,UNASSIGNED
FG-080,FIELD_GENERATOR,1,2,,False,,,,UNASSIGNED
FG-081,FIELD_GENERATOR,1,2,,False,,,,UNASSIGNED
FG-082,FIELD_GENERATOR,1,2,,False,,,,UNASSIGNED
FG-083,FIELD_GENERATOR,1,2,,False,,,,UNASSIGNED
FG-084,FIELD_GENERATOR,1,2,,False,,,,UNASSIGNED
FG-085,FIELD_GENERATOR,1,2,,False,,,,UNASSIGNED
FG-086,FIELD_GENERATOR,1,2,,False,,,,UNASSIGNED
FG-087,FIELD_GENERATOR,1,2,,False,,,,UNASSIGNED
FG-088,FIELD_GENERATOR,1,2,,False,,,,UNASSIGNED
FG-089,FIELD_GENERATOR,1,2,,False,,,,UNASSIGNED
FG-090,FIELD_GENERATOR,1,2,,False,,,,UNASSIGNED
FG-091,FIELD_GENERATOR,1,2,,False,,,,UNASSIGNED
FG-092,FIELD_GENERATOR,1,2,,False,,,,UNASSIGNED
FG-093,FIELD_GENERATOR,1,2,,False,,,,UNASSIGNED
FG-094,FIELD_GENERATOR,1,2,,False,,,,UNASSIGNED
FG-095,FIELD_GENERATOR,1,2,,False,,,,UNASSIGNED
FG-096,FIELD_GENERATOR,1,2,,False,,,,UNASSIGNED
FG-097,FIELD_GENERATOR,1,2,,False,,,,UNASSIGNED
FG-098,FIELD_GENERATOR,1,2,,False,,,,UNASSIGNED
FG-099,FIELD_GENERATOR,1,2,,False,,,,UNASSIGNED
FG-100,FIELD_GENERATOR,1,2,,False,,,,UNASSIGNED
FG-101,FIELD_GENERATOR,1,2,,False,,,,UNASSIGNED
FG-102,FIELD_GENERATOR,1,2,,False,,,,UNASSIGNED
FG-103,FIELD_GENERATOR,1,2,,False,,,,UNASSIGNED
FG-104,FIELD_GENERATOR,1,2,,False,,,,UNASSIGNED
FG-105,FIELD_GENERATOR,1,2,,False,,,,UNASSIGNED
FG-106,FIELD_GENERATOR,1,2,,False,,,,UNASSIGNED
FG-107,FIELD_GENERATOR,1,2,,False,,,,UNASSIGNED
FG-108,FIELD_GENERATOR,1,2,,False,,,,UNASSIGNED
FG-109,FIELD_GENERATOR,1,2,,False,,,,UNASSIGNED
FG-110,FIELD_GENERATOR,1,2,,False,,,,UNASSIGNED
FG-111,FIELD_GENERATOR,1,2,,False,,,,UNASSIGNED
FG-112,FIELD_GENERATOR,1,2,,False,,,,UNASSIGNED
FG-113,FIELD_GENERATOR,1,2,,False,,,,UNASSIGNED
FG-114,FIELD_GENERATOR,1,2,,False,,,,UNASSIGNED
FG-115,FIELD_GENERATOR,1,2,,False,,,,UNASSIGNED
FG-116,FIELD_GENERATOR,1,2,,False,,,,UNASSIGNED
FG-117,FIELD_GENERATOR,1,2,,False,,,,UNASSIGNED
FG-118,FIELD_GENERATOR,1,2,,False,,,,UNASSIGNED
FG-119,FIELD_GENERATOR,1,2,,False,,,,UNASSIGNED
FG-120,FIELD_GENERATOR,1,2,,False,,,,UNASSIGNED
PR-001,PRIME_FIELD,1,1,,False,,,,UNASSIGNED
PR-002,PRIME_FIELD,1,1,,False,,,,UNASSIGNED
PR-003,PRIME_FIELD,1,1,,False,,,,UNASSIGNED
PR-004,PRIME_FIELD,1,1,,False,,,,UNASSIGNED
PR-005,PRIME_FIELD,1,1,,False,,,,UNASSIGNED
PR-006,PRIME_FIELD,1,1,,False,,,,UNASSIGNED
PR-007,PRIME_FIELD,1,1,,False,,,,UNASSIGNED
PR-008,PRIME_FIELD,1,1,,False,,,,UNASSIGNED
PR-009,PRIME_FIELD,1,1,,False,,,,UNASSIGNED
PR-010,PRIME_FIELD,1,1,,False,,,,UNASSIGNED
PR-011,PRIME_FIELD,1,1,,False,,,,UNASSIGNED
PR-012,PRIME_FIELD,1,1,,False,,,,UNASSIGNED
PR-013,PRIME_FIELD,1,1,,False,,,,UNASSIGNED
PR-014,PRIME_FIELD,1,1,,False,,,,UNASSIGNED
PR-015,PRIME_FIELD,1,1,,False,,,,UNASSIGNED
PR-016,PRIME_FIELD,1,1,,False,,,,UNASSIGNED
PR-017,PRIME_FIELD,1,1,,False,,,,UNASSIGNED
PR-018,PRIME_FIELD,1,1,,False,,,,UNASSIGNED
PR-019,PRIME_FIELD,1,1,,False,,,,UNASSIGNED
PR-020,PRIME_FIELD,1,1,,False,,,,UNASSIGNED
PR-021,PRIME_FIELD,1,1,,False,,,,UNASSIGNED
PR-022,PRIME_FIELD,1,1,,False,,,,UNASSIGNED
PR-023,PRIME_FIELD,1,1,,False,,,,UNASSIGNED
PR-024,PRIME_FIELD,1,1,,False,,,,UNASSIGNED
PR-025,PRIME_FIELD,1,1,,False,,,,UNASSIGNED
PR-026,PRIME_FIELD,1,1,,False,,,,UNASSIGNED
PR-027,PRIME_FIELD,1,1,,False,,,,UNASSIGNED
PR-028,PRIME_FIELD,1,1,,False,,,,UNASSIGNED
PR-029,PRIME_FIELD,1,1,,False,,,,UNASSIGNED
PR-030,PRIME_FIELD,1,1,,False,,,,UNASSIGNED
UT-001,UTILITY,1,3,,False,,,,UNASSIGNED
UT-002,UTILITY,1,3,,False,,,,UNASSIGNED
UT-003,UTILITY,1,3,,False,,,,UNASSIGNED
UT-004,UTILITY,1,3,,False,,,,UNASSIGNED
UT-005,UTILITY,1,3,,False,,,,UNASSIGNED
UT-006,UTILITY,1,3,,False,,,,UNASSIGNED
UT-007,UTILITY,1,3,,False,,,,UNASSIGNED
UT-008,UTILITY,1,3,,False,,,,UNASSIGNED
UT-009,UTILITY,1,3,,False,,,,UNASSIGNED
UT-010,UTILITY,1,3,,False,,,,UNASSIGNED
UT-011,UTILITY,1,3,,False,,,,UNASSIGNED
UT-012,UTILITY,1,3,,False,,,,UNASSIGNED
UT-013,UTILITY,1,3,,False,,,,UNASSIGNED
UT-014,UTILITY,1,3,,False,,,,UNASSIGNED
UT-015,UTILITY,1,3,,False,,,,UNASSIGNED
UT-016,UTILITY,1,3,,False,,,,UNASSIGNED
UT-017,UTILITY,1,3,,False,,,,UNASSIGNED
UT-018,UTILITY,1,3,,False,,,,UNASSIGNED
UT-019,UTILITY,1,3,,False,,,,UNASSIGNED
UT-020,UTILITY,1,3,,False,,,,UNASSIGNED
UT-021,UTILITY,1,3,,False,,,,UNASSIGNED
UT-022,UTILITY,1,3,,False,,,,UNASSIGNED
UT-023,UTILITY,1,3,,False,,,,UNASSIGNED
UT-024,UTILITY,1,3,,False,,,,UNASSIGNED
UT-025,UTILITY,1,3,,False,,,,UNASSIGNED
UT-026,UTILITY,1,3,,False,,,,UNASSIGNED
UT-027,UTILITY,1,3,,False,,,,UNASSIGNED
UT-028,UTILITY,1,3,,False,,,,UNASSIGNED
UT-029,UTILITY,1,3,,False,,,,UNASSIGNED
UT-030,UTILITY,1,3,,False,,,,UNASSIGNED
UT-031,UTILITY,1,3,,False,,,,UNASSIGNED
UT-032,UTILITY,1,3,,False,,,,UNASSIGNED
UT-033,UTILITY,1,3,,False,,,,UNASSIGNED
UT-034,UTILITY,1,3,,False,,,,UNASSIGNED
UT-035,UTILITY,1,3,,False,,,,UNASSIGNED
UT-036,UTILITY,1,3,,False,,,,UNASSIGNED
UT-037,UTILITY,1,3,,False,,,,UNASSIGNED
UT-038,UTILITY,1,3,,False,,,,UNASSIGNED
UT-039,UTILITY,1,3,,False,,,,UNASSIGNED
UT-040,UTILITY,1,3,,False,,,,UNASSIGNED
UT-041,UTILITY,1,3,,False,,,,UNASSIGNED
UT-042,UTILITY,1,3,,False,,,,UNASSIGNED
UT-043,UTILITY,1,3,,False,,,,UNASSIGNED
UT-044,UTILITY,1,3,,False,,,,UNASSIGNED
UT-045,UTILITY,1,3,,False,,,,UNASSIGNED
UT-046,UTILITY,1,3,,False,,,,UNASSIGNED
UT-047,UTILITY,1,3,,False,,,,UNASSIGNED
UT-048,UTILITY,1,3,,False,,,,UNASSIGNED
UT-049,UTILITY,1,3,,False,,,,UNASSIGNED
UT-050,UTILITY,1,3,,False,,,,UNASSIGNED
